image,label
img001-001.png,0
img001-002.png,0
img001-003.png,0
img001-004.png,0
img001-005.png,0
img001-006.png,0
img001-007.png,0
img001-008.png,0
img001-009.png,0
img001-010.png,0
img001-011.png,0
img001-012.png,0
img001-013.png,0
img001-014.png,0
img001-015.png,0
img001-016.png,0
img001-017.png,0
img001-018.png,0
img001-019.png,0
img001-020.png,0
img001-021.png,0
img001-022.png,0
img001-023.png,0
img001-024.png,0
img001-025.png,0
img001-026.png,0
img001-027.png,0
img001-028.png,0
img001-029.png,0
img001-030.png,0
img001-031.png,0
img001-032.png,0
img001-033.png,0
img001-034.png,0
img001-035.png,0
img001-036.png,0
img001-037.png,0
img001-038.png,0
img001-039.png,0
img001-040.png,0
img001-041.png,0
img001-042.png,0
img001-043.png,0
img001-044.png,0
img001-045.png,0
img001-046.png,0
img001-047.png,0
img001-048.png,0
img001-049.png,0
img001-050.png,0
img001-051.png,0
img001-052.png,0
img001-053.png,0
img001-054.png,0
img001-055.png,0
img002-001.png,1
img002-002.png,1
img002-003.png,1
img002-004.png,1
img002-005.png,1
img002-006.png,1
img002-007.png,1
img002-008.png,1
img002-009.png,1
img002-010.png,1
img002-011.png,1
img002-012.png,1
img002-013.png,1
img002-014.png,1
img002-015.png,1
img002-016.png,1
img002-017.png,1
img002-018.png,1
img002-019.png,1
img002-020.png,1
img002-021.png,1
img002-022.png,1
img002-023.png,1
img002-024.png,1
img002-025.png,1
img002-026.png,1
img002-027.png,1
img002-028.png,1
img002-029.png,1
img002-030.png,1
img002-031.png,1
img002-032.png,1
img002-033.png,1
img002-034.png,1
img002-035.png,1
img002-036.png,1
img002-037.png,1
img002-038.png,1
img002-039.png,1
img002-040.png,1
img002-041.png,1
img002-042.png,1
img002-043.png,1
img002-044.png,1
img002-045.png,1
img002-046.png,1
img002-047.png,1
img002-048.png,1
img002-049.png,1
img002-050.png,1
img002-051.png,1
img002-052.png,1
img002-053.png,1
img002-054.png,1
img002-055.png,1
img003-001.png,2
img003-002.png,2
img003-003.png,2
img003-004.png,2
img003-005.png,2
img003-006.png,2
img003-007.png,2
img003-008.png,2
img003-009.png,2
img003-010.png,2
img003-011.png,2
img003-012.png,2
img003-013.png,2
img003-014.png,2
img003-015.png,2
img003-016.png,2
img003-017.png,2
img003-018.png,2
img003-019.png,2
img003-020.png,2
img003-021.png,2
img003-022.png,2
img003-023.png,2
img003-024.png,2
img003-025.png,2
img003-026.png,2
img003-027.png,2
img003-028.png,2
img003-029.png,2
img003-030.png,2
img003-031.png,2
img003-032.png,2
img003-033.png,2
img003-034.png,2
img003-035.png,2
img003-036.png,2
img003-037.png,2
img003-038.png,2
img003-039.png,2
img003-040.png,2
img003-041.png,2
img003-042.png,2
img003-043.png,2
img003-044.png,2
img003-045.png,2
img003-046.png,2
img003-047.png,2
img003-048.png,2
img003-049.png,2
img003-050.png,2
img003-051.png,2
img003-052.png,2
img003-053.png,2
img003-054.png,2
img003-055.png,2
img004-001.png,3
img004-002.png,3
img004-003.png,3
img004-004.png,3
img004-005.png,3
img004-006.png,3
img004-007.png,3
img004-008.png,3
img004-009.png,3
img004-010.png,3
img004-011.png,3
img004-012.png,3
img004-013.png,3
img004-014.png,3
img004-015.png,3
img004-016.png,3
img004-017.png,3
img004-018.png,3
img004-019.png,3
img004-020.png,3
img004-021.png,3
img004-022.png,3
img004-023.png,3
img004-024.png,3
img004-025.png,3
img004-026.png,3
img004-027.png,3
img004-028.png,3
img004-029.png,3
img004-030.png,3
img004-031.png,3
img004-032.png,3
img004-033.png,3
img004-034.png,3
img004-035.png,3
img004-036.png,3
img004-037.png,3
img004-038.png,3
img004-039.png,3
img004-040.png,3
img004-041.png,3
img004-042.png,3
img004-043.png,3
img004-044.png,3
img004-045.png,3
img004-046.png,3
img004-047.png,3
img004-048.png,3
img004-049.png,3
img004-050.png,3
img004-051.png,3
img004-052.png,3
img004-053.png,3
img004-054.png,3
img004-055.png,3
img005-001.png,4
img005-002.png,4
img005-003.png,4
img005-004.png,4
img005-005.png,4
img005-006.png,4
img005-007.png,4
img005-008.png,4
img005-009.png,4
img005-010.png,4
img005-011.png,4
img005-012.png,4
img005-013.png,4
img005-014.png,4
img005-015.png,4
img005-016.png,4
img005-017.png,4
img005-018.png,4
img005-019.png,4
img005-020.png,4
img005-021.png,4
img005-022.png,4
img005-023.png,4
img005-024.png,4
img005-025.png,4
img005-026.png,4
img005-027.png,4
img005-028.png,4
img005-029.png,4
img005-030.png,4
img005-031.png,4
img005-032.png,4
img005-033.png,4
img005-034.png,4
img005-035.png,4
img005-036.png,4
img005-037.png,4
img005-038.png,4
img005-039.png,4
img005-040.png,4
img005-041.png,4
img005-042.png,4
img005-043.png,4
img005-044.png,4
img005-045.png,4
img005-046.png,4
img005-047.png,4
img005-048.png,4
img005-049.png,4
img005-050.png,4
img005-051.png,4
img005-052.png,4
img005-053.png,4
img005-054.png,4
img005-055.png,4
img006-001.png,5
img006-002.png,5
img006-003.png,5
img006-004.png,5
img006-005.png,5
img006-006.png,5
img006-007.png,5
img006-008.png,5
img006-009.png,5
img006-010.png,5
img006-011.png,5
img006-012.png,5
img006-013.png,5
img006-014.png,5
img006-015.png,5
img006-016.png,5
img006-017.png,5
img006-018.png,5
img006-019.png,5
img006-020.png,5
img006-021.png,5
img006-022.png,5
img006-023.png,5
img006-024.png,5
img006-025.png,5
img006-026.png,5
img006-027.png,5
img006-028.png,5
img006-029.png,5
img006-030.png,5
img006-031.png,5
img006-032.png,5
img006-033.png,5
img006-034.png,5
img006-035.png,5
img006-036.png,5
img006-037.png,5
img006-038.png,5
img006-039.png,5
img006-040.png,5
img006-041.png,5
img006-042.png,5
img006-043.png,5
img006-044.png,5
img006-045.png,5
img006-046.png,5
img006-047.png,5
img006-048.png,5
img006-049.png,5
img006-050.png,5
img006-051.png,5
img006-052.png,5
img006-053.png,5
img006-054.png,5
img006-055.png,5
img007-001.png,6
img007-002.png,6
img007-003.png,6
img007-004.png,6
img007-005.png,6
img007-006.png,6
img007-007.png,6
img007-008.png,6
img007-009.png,6
img007-010.png,6
img007-011.png,6
img007-012.png,6
img007-013.png,6
img007-014.png,6
img007-015.png,6
img007-016.png,6
img007-017.png,6
img007-018.png,6
img007-019.png,6
img007-020.png,6
img007-021.png,6
img007-022.png,6
img007-023.png,6
img007-024.png,6
img007-025.png,6
img007-026.png,6
img007-027.png,6
img007-028.png,6
img007-029.png,6
img007-030.png,6
img007-031.png,6
img007-032.png,6
img007-033.png,6
img007-034.png,6
img007-035.png,6
img007-036.png,6
img007-037.png,6
img007-038.png,6
img007-039.png,6
img007-040.png,6
img007-041.png,6
img007-042.png,6
img007-043.png,6
img007-044.png,6
img007-045.png,6
img007-046.png,6
img007-047.png,6
img007-048.png,6
img007-049.png,6
img007-050.png,6
img007-051.png,6
img007-052.png,6
img007-053.png,6
img007-054.png,6
img007-055.png,6
img008-001.png,7
img008-002.png,7
img008-003.png,7
img008-004.png,7
img008-005.png,7
img008-006.png,7
img008-007.png,7
img008-008.png,7
img008-009.png,7
img008-010.png,7
img008-011.png,7
img008-012.png,7
img008-013.png,7
img008-014.png,7
img008-015.png,7
img008-016.png,7
img008-017.png,7
img008-018.png,7
img008-019.png,7
img008-020.png,7
img008-021.png,7
img008-022.png,7
img008-023.png,7
img008-024.png,7
img008-025.png,7
img008-026.png,7
img008-027.png,7
img008-028.png,7
img008-029.png,7
img008-030.png,7
img008-031.png,7
img008-032.png,7
img008-033.png,7
img008-034.png,7
img008-035.png,7
img008-036.png,7
img008-037.png,7
img008-038.png,7
img008-039.png,7
img008-040.png,7
img008-041.png,7
img008-042.png,7
img008-043.png,7
img008-044.png,7
img008-045.png,7
img008-046.png,7
img008-047.png,7
img008-048.png,7
img008-049.png,7
img008-050.png,7
img008-051.png,7
img008-052.png,7
img008-053.png,7
img008-054.png,7
img008-055.png,7
img009-001.png,8
img009-002.png,8
img009-003.png,8
img009-004.png,8
img009-005.png,8
img009-006.png,8
img009-007.png,8
img009-008.png,8
img009-009.png,8
img009-010.png,8
img009-011.png,8
img009-012.png,8
img009-013.png,8
img009-014.png,8
img009-015.png,8
img009-016.png,8
img009-017.png,8
img009-018.png,8
img009-019.png,8
img009-020.png,8
img009-021.png,8
img009-022.png,8
img009-023.png,8
img009-024.png,8
img009-025.png,8
img009-026.png,8
img009-027.png,8
img009-028.png,8
img009-029.png,8
img009-030.png,8
img009-031.png,8
img009-032.png,8
img009-033.png,8
img009-034.png,8
img009-035.png,8
img009-036.png,8
img009-037.png,8
img009-038.png,8
img009-039.png,8
img009-040.png,8
img009-041.png,8
img009-042.png,8
img009-043.png,8
img009-044.png,8
img009-045.png,8
img009-046.png,8
img009-047.png,8
img009-048.png,8
img009-049.png,8
img009-050.png,8
img009-051.png,8
img009-052.png,8
img009-053.png,8
img009-054.png,8
img009-055.png,8
img010-001.png,9
img010-002.png,9
img010-003.png,9
img010-004.png,9
img010-005.png,9
img010-006.png,9
img010-007.png,9
img010-008.png,9
img010-009.png,9
img010-010.png,9
img010-011.png,9
img010-012.png,9
img010-013.png,9
img010-014.png,9
img010-015.png,9
img010-016.png,9
img010-017.png,9
img010-018.png,9
img010-019.png,9
img010-020.png,9
img010-021.png,9
img010-022.png,9
img010-023.png,9
img010-024.png,9
img010-025.png,9
img010-026.png,9
img010-027.png,9
img010-028.png,9
img010-029.png,9
img010-030.png,9
img010-031.png,9
img010-032.png,9
img010-033.png,9
img010-034.png,9
img010-035.png,9
img010-036.png,9
img010-037.png,9
img010-038.png,9
img010-039.png,9
img010-040.png,9
img010-041.png,9
img010-042.png,9
img010-043.png,9
img010-044.png,9
img010-045.png,9
img010-046.png,9
img010-047.png,9
img010-048.png,9
img010-049.png,9
img010-050.png,9
img010-051.png,9
img010-052.png,9
img010-053.png,9
img010-054.png,9
img010-055.png,9
img011-001.png,A
img011-002.png,A
img011-003.png,A
img011-004.png,A
img011-005.png,A
img011-006.png,A
img011-007.png,A
img011-008.png,A
img011-009.png,A
img011-010.png,A
img011-011.png,A
img011-012.png,A
img011-013.png,A
img011-014.png,A
img011-015.png,A
img011-016.png,A
img011-017.png,A
img011-018.png,A
img011-019.png,A
img011-020.png,A
img011-021.png,A
img011-022.png,A
img011-023.png,A
img011-024.png,A
img011-025.png,A
img011-026.png,A
img011-027.png,A
img011-028.png,A
img011-029.png,A
img011-030.png,A
img011-031.png,A
img011-032.png,A
img011-033.png,A
img011-034.png,A
img011-035.png,A
img011-036.png,A
img011-037.png,A
img011-038.png,A
img011-039.png,A
img011-040.png,A
img011-041.png,A
img011-042.png,A
img011-043.png,A
img011-044.png,A
img011-045.png,A
img011-046.png,A
img011-047.png,A
img011-048.png,A
img011-049.png,A
img011-050.png,A
img011-051.png,A
img011-052.png,A
img011-053.png,A
img011-054.png,A
img011-055.png,A
img012-001.png,B
img012-002.png,B
img012-003.png,B
img012-004.png,B
img012-005.png,B
img012-006.png,B
img012-007.png,B
img012-008.png,B
img012-009.png,B
img012-010.png,B
img012-011.png,B
img012-012.png,B
img012-013.png,B
img012-014.png,B
img012-015.png,B
img012-016.png,B
img012-017.png,B
img012-018.png,B
img012-019.png,B
img012-020.png,B
img012-021.png,B
img012-022.png,B
img012-023.png,B
img012-024.png,B
img012-025.png,B
img012-026.png,B
img012-027.png,B
img012-028.png,B
img012-029.png,B
img012-030.png,B
img012-031.png,B
img012-032.png,B
img012-033.png,B
img012-034.png,B
img012-035.png,B
img012-036.png,B
img012-037.png,B
img012-038.png,B
img012-039.png,B
img012-040.png,B
img012-041.png,B
img012-042.png,B
img012-043.png,B
img012-044.png,B
img012-045.png,B
img012-046.png,B
img012-047.png,B
img012-048.png,B
img012-049.png,B
img012-050.png,B
img012-051.png,B
img012-052.png,B
img012-053.png,B
img012-054.png,B
img012-055.png,B
img013-001.png,C
img013-002.png,C
img013-003.png,C
img013-004.png,C
img013-005.png,C
img013-006.png,C
img013-007.png,C
img013-008.png,C
img013-009.png,C
img013-010.png,C
img013-011.png,C
img013-012.png,C
img013-013.png,C
img013-014.png,C
img013-015.png,C
img013-016.png,C
img013-017.png,C
img013-018.png,C
img013-019.png,C
img013-020.png,C
img013-021.png,C
img013-022.png,C
img013-023.png,C
img013-024.png,C
img013-025.png,C
img013-026.png,C
img013-027.png,C
img013-028.png,C
img013-029.png,C
img013-030.png,C
img013-031.png,C
img013-032.png,C
img013-033.png,C
img013-034.png,C
img013-035.png,C
img013-036.png,C
img013-037.png,C
img013-038.png,C
img013-039.png,C
img013-040.png,C
img013-041.png,C
img013-042.png,C
img013-043.png,C
img013-044.png,C
img013-045.png,C
img013-046.png,C
img013-047.png,C
img013-048.png,C
img013-049.png,C
img013-050.png,C
img013-051.png,C
img013-052.png,C
img013-053.png,C
img013-054.png,C
img013-055.png,C
img014-001.png,D
img014-002.png,D
img014-003.png,D
img014-004.png,D
img014-005.png,D
img014-006.png,D
img014-007.png,D
img014-008.png,D
img014-009.png,D
img014-010.png,D
img014-011.png,D
img014-012.png,D
img014-013.png,D
img014-014.png,D
img014-015.png,D
img014-016.png,D
img014-017.png,D
img014-018.png,D
img014-019.png,D
img014-020.png,D
img014-021.png,D
img014-022.png,D
img014-023.png,D
img014-024.png,D
img014-025.png,D
img014-026.png,D
img014-027.png,D
img014-028.png,D
img014-029.png,D
img014-030.png,D
img014-031.png,D
img014-032.png,D
img014-033.png,D
img014-034.png,D
img014-035.png,D
img014-036.png,D
img014-037.png,D
img014-038.png,D
img014-039.png,D
img014-040.png,D
img014-041.png,D
img014-042.png,D
img014-043.png,D
img014-044.png,D
img014-045.png,D
img014-046.png,D
img014-047.png,D
img014-048.png,D
img014-049.png,D
img014-050.png,D
img014-051.png,D
img014-052.png,D
img014-053.png,D
img014-054.png,D
img014-055.png,D
img015-001.png,E
img015-002.png,E
img015-003.png,E
img015-004.png,E
img015-005.png,E
img015-006.png,E
img015-007.png,E
img015-008.png,E
img015-009.png,E
img015-010.png,E
img015-011.png,E
img015-012.png,E
img015-013.png,E
img015-014.png,E
img015-015.png,E
img015-016.png,E
img015-017.png,E
img015-018.png,E
img015-019.png,E
img015-020.png,E
img015-021.png,E
img015-022.png,E
img015-023.png,E
img015-024.png,E
img015-025.png,E
img015-026.png,E
img015-027.png,E
img015-028.png,E
img015-029.png,E
img015-030.png,E
img015-031.png,E
img015-032.png,E
img015-033.png,E
img015-034.png,E
img015-035.png,E
img015-036.png,E
img015-037.png,E
img015-038.png,E
img015-039.png,E
img015-040.png,E
img015-041.png,E
img015-042.png,E
img015-043.png,E
img015-044.png,E
img015-045.png,E
img015-046.png,E
img015-047.png,E
img015-048.png,E
img015-049.png,E
img015-050.png,E
img015-051.png,E
img015-052.png,E
img015-053.png,E
img015-054.png,E
img015-055.png,E
img016-001.png,F
img016-002.png,F
img016-003.png,F
img016-004.png,F
img016-005.png,F
img016-006.png,F
img016-007.png,F
img016-008.png,F
img016-009.png,F
img016-010.png,F
img016-011.png,F
img016-012.png,F
img016-013.png,F
img016-014.png,F
img016-015.png,F
img016-016.png,F
img016-017.png,F
img016-018.png,F
img016-019.png,F
img016-020.png,F
img016-021.png,F
img016-022.png,F
img016-023.png,F
img016-024.png,F
img016-025.png,F
img016-026.png,F
img016-027.png,F
img016-028.png,F
img016-029.png,F
img016-030.png,F
img016-031.png,F
img016-032.png,F
img016-033.png,F
img016-034.png,F
img016-035.png,F
img016-036.png,F
img016-037.png,F
img016-038.png,F
img016-039.png,F
img016-040.png,F
img016-041.png,F
img016-042.png,F
img016-043.png,F
img016-044.png,F
img016-045.png,F
img016-046.png,F
img016-047.png,F
img016-048.png,F
img016-049.png,F
img016-050.png,F
img016-051.png,F
img016-052.png,F
img016-053.png,F
img016-054.png,F
img016-055.png,F
img017-001.png,G
img017-002.png,G
img017-003.png,G
img017-004.png,G
img017-005.png,G
img017-006.png,G
img017-007.png,G
img017-008.png,G
img017-009.png,G
img017-010.png,G
img017-011.png,G
img017-012.png,G
img017-013.png,G
img017-014.png,G
img017-015.png,G
img017-016.png,G
img017-017.png,G
img017-018.png,G
img017-019.png,G
img017-020.png,G
img017-021.png,G
img017-022.png,G
img017-023.png,G
img017-024.png,G
img017-025.png,G
img017-026.png,G
img017-027.png,G
img017-028.png,G
img017-029.png,G
img017-030.png,G
img017-031.png,G
img017-032.png,G
img017-033.png,G
img017-034.png,G
img017-035.png,G
img017-036.png,G
img017-037.png,G
img017-038.png,G
img017-039.png,G
img017-040.png,G
img017-041.png,G
img017-042.png,G
img017-043.png,G
img017-044.png,G
img017-045.png,G
img017-046.png,G
img017-047.png,G
img017-048.png,G
img017-049.png,G
img017-050.png,G
img017-051.png,G
img017-052.png,G
img017-053.png,G
img017-054.png,G
img017-055.png,G
img018-001.png,H
img018-002.png,H
img018-003.png,H
img018-004.png,H
img018-005.png,H
img018-006.png,H
img018-007.png,H
img018-008.png,H
img018-009.png,H
img018-010.png,H
img018-011.png,H
img018-012.png,H
img018-013.png,H
img018-014.png,H
img018-015.png,H
img018-016.png,H
img018-017.png,H
img018-018.png,H
img018-019.png,H
img018-020.png,H
img018-021.png,H
img018-022.png,H
img018-023.png,H
img018-024.png,H
img018-025.png,H
img018-026.png,H
img018-027.png,H
img018-028.png,H
img018-029.png,H
img018-030.png,H
img018-031.png,H
img018-032.png,H
img018-033.png,H
img018-034.png,H
img018-035.png,H
img018-036.png,H
img018-037.png,H
img018-038.png,H
img018-039.png,H
img018-040.png,H
img018-041.png,H
img018-042.png,H
img018-043.png,H
img018-044.png,H
img018-045.png,H
img018-046.png,H
img018-047.png,H
img018-048.png,H
img018-049.png,H
img018-050.png,H
img018-051.png,H
img018-052.png,H
img018-053.png,H
img018-054.png,H
img018-055.png,H
img019-001.png,I
img019-002.png,I
img019-003.png,I
img019-004.png,I
img019-005.png,I
img019-006.png,I
img019-007.png,I
img019-008.png,I
img019-009.png,I
img019-010.png,I
img019-011.png,I
img019-012.png,I
img019-013.png,I
img019-014.png,I
img019-015.png,I
img019-016.png,I
img019-017.png,I
img019-018.png,I
img019-019.png,I
img019-020.png,I
img019-021.png,I
img019-022.png,I
img019-023.png,I
img019-024.png,I
img019-025.png,I
img019-026.png,I
img019-027.png,I
img019-028.png,I
img019-029.png,I
img019-030.png,I
img019-031.png,I
img019-032.png,I
img019-033.png,I
img019-034.png,I
img019-035.png,I
img019-036.png,I
img019-037.png,I
img019-038.png,I
img019-039.png,I
img019-040.png,I
img019-041.png,I
img019-042.png,I
img019-043.png,I
img019-044.png,I
img019-045.png,I
img019-046.png,I
img019-047.png,I
img019-048.png,I
img019-049.png,I
img019-050.png,I
img019-051.png,I
img019-052.png,I
img019-053.png,I
img019-054.png,I
img019-055.png,I
img020-001.png,J
img020-002.png,J
img020-003.png,J
img020-004.png,J
img020-005.png,J
img020-006.png,J
img020-007.png,J
img020-008.png,J
img020-009.png,J
img020-010.png,J
img020-011.png,J
img020-012.png,J
img020-013.png,J
img020-014.png,J
img020-015.png,J
img020-016.png,J
img020-017.png,J
img020-018.png,J
img020-019.png,J
img020-020.png,J
img020-021.png,J
img020-022.png,J
img020-023.png,J
img020-024.png,J
img020-025.png,J
img020-026.png,J
img020-027.png,J
img020-028.png,J
img020-029.png,J
img020-030.png,J
img020-031.png,J
img020-032.png,J
img020-033.png,J
img020-034.png,J
img020-035.png,J
img020-036.png,J
img020-037.png,J
img020-038.png,J
img020-039.png,J
img020-040.png,J
img020-041.png,J
img020-042.png,J
img020-043.png,J
img020-044.png,J
img020-045.png,J
img020-046.png,J
img020-047.png,J
img020-048.png,J
img020-049.png,J
img020-050.png,J
img020-051.png,J
img020-052.png,J
img020-053.png,J
img020-054.png,J
img020-055.png,J
img021-001.png,K
img021-002.png,K
img021-003.png,K
img021-004.png,K
img021-005.png,K
img021-006.png,K
img021-007.png,K
img021-008.png,K
img021-009.png,K
img021-010.png,K
img021-011.png,K
img021-012.png,K
img021-013.png,K
img021-014.png,K
img021-015.png,K
img021-016.png,K
img021-017.png,K
img021-018.png,K
img021-019.png,K
img021-020.png,K
img021-021.png,K
img021-022.png,K
img021-023.png,K
img021-024.png,K
img021-025.png,K
img021-026.png,K
img021-027.png,K
img021-028.png,K
img021-029.png,K
img021-030.png,K
img021-031.png,K
img021-032.png,K
img021-033.png,K
img021-034.png,K
img021-035.png,K
img021-036.png,K
img021-037.png,K
img021-038.png,K
img021-039.png,K
img021-040.png,K
img021-041.png,K
img021-042.png,K
img021-043.png,K
img021-044.png,K
img021-045.png,K
img021-046.png,K
img021-047.png,K
img021-048.png,K
img021-049.png,K
img021-050.png,K
img021-051.png,K
img021-052.png,K
img021-053.png,K
img021-054.png,K
img021-055.png,K
img022-001.png,L
img022-002.png,L
img022-003.png,L
img022-004.png,L
img022-005.png,L
img022-006.png,L
img022-007.png,L
img022-008.png,L
img022-009.png,L
img022-010.png,L
img022-011.png,L
img022-012.png,L
img022-013.png,L
img022-014.png,L
img022-015.png,L
img022-016.png,L
img022-017.png,L
img022-018.png,L
img022-019.png,L
img022-020.png,L
img022-021.png,L
img022-022.png,L
img022-023.png,L
img022-024.png,L
img022-025.png,L
img022-026.png,L
img022-027.png,L
img022-028.png,L
img022-029.png,L
img022-030.png,L
img022-031.png,L
img022-032.png,L
img022-033.png,L
img022-034.png,L
img022-035.png,L
img022-036.png,L
img022-037.png,L
img022-038.png,L
img022-039.png,L
img022-040.png,L
img022-041.png,L
img022-042.png,L
img022-043.png,L
img022-044.png,L
img022-045.png,L
img022-046.png,L
img022-047.png,L
img022-048.png,L
img022-049.png,L
img022-050.png,L
img022-051.png,L
img022-052.png,L
img022-053.png,L
img022-054.png,L
img022-055.png,L
img023-001.png,M
img023-002.png,M
img023-003.png,M
img023-004.png,M
img023-005.png,M
img023-006.png,M
img023-007.png,M
img023-008.png,M
img023-009.png,M
img023-010.png,M
img023-011.png,M
img023-012.png,M
img023-013.png,M
img023-014.png,M
img023-015.png,M
img023-016.png,M
img023-017.png,M
img023-018.png,M
img023-019.png,M
img023-020.png,M
img023-021.png,M
img023-022.png,M
img023-023.png,M
img023-024.png,M
img023-025.png,M
img023-026.png,M
img023-027.png,M
img023-028.png,M
img023-029.png,M
img023-030.png,M
img023-031.png,M
img023-032.png,M
img023-033.png,M
img023-034.png,M
img023-035.png,M
img023-036.png,M
img023-037.png,M
img023-038.png,M
img023-039.png,M
img023-040.png,M
img023-041.png,M
img023-042.png,M
img023-043.png,M
img023-044.png,M
img023-045.png,M
img023-046.png,M
img023-047.png,M
img023-048.png,M
img023-049.png,M
img023-050.png,M
img023-051.png,M
img023-052.png,M
img023-053.png,M
img023-054.png,M
img023-055.png,M
img024-001.png,N
img024-002.png,N
img024-003.png,N
img024-004.png,N
img024-005.png,N
img024-006.png,N
img024-007.png,N
img024-008.png,N
img024-009.png,N
img024-010.png,N
img024-011.png,N
img024-012.png,N
img024-013.png,N
img024-014.png,N
img024-015.png,N
img024-016.png,N
img024-017.png,N
img024-018.png,N
img024-019.png,N
img024-020.png,N
img024-021.png,N
img024-022.png,N
img024-023.png,N
img024-024.png,N
img024-025.png,N
img024-026.png,N
img024-027.png,N
img024-028.png,N
img024-029.png,N
img024-030.png,N
img024-031.png,N
img024-032.png,N
img024-033.png,N
img024-034.png,N
img024-035.png,N
img024-036.png,N
img024-037.png,N
img024-038.png,N
img024-039.png,N
img024-040.png,N
img024-041.png,N
img024-042.png,N
img024-043.png,N
img024-044.png,N
img024-045.png,N
img024-046.png,N
img024-047.png,N
img024-048.png,N
img024-049.png,N
img024-050.png,N
img024-051.png,N
img024-052.png,N
img024-053.png,N
img024-054.png,N
img024-055.png,N
img025-001.png,O
img025-002.png,O
img025-003.png,O
img025-004.png,O
img025-005.png,O
img025-006.png,O
img025-007.png,O
img025-008.png,O
img025-009.png,O
img025-010.png,O
img025-011.png,O
img025-012.png,O
img025-013.png,O
img025-014.png,O
img025-015.png,O
img025-016.png,O
img025-017.png,O
img025-018.png,O
img025-019.png,O
img025-020.png,O
img025-021.png,O
img025-022.png,O
img025-023.png,O
img025-024.png,O
img025-025.png,O
img025-026.png,O
img025-027.png,O
img025-028.png,O
img025-029.png,O
img025-030.png,O
img025-031.png,O
img025-032.png,O
img025-033.png,O
img025-034.png,O
img025-035.png,O
img025-036.png,O
img025-037.png,O
img025-038.png,O
img025-039.png,O
img025-040.png,O
img025-041.png,O
img025-042.png,O
img025-043.png,O
img025-044.png,O
img025-045.png,O
img025-046.png,O
img025-047.png,O
img025-048.png,O
img025-049.png,O
img025-050.png,O
img025-051.png,O
img025-052.png,O
img025-053.png,O
img025-054.png,O
img025-055.png,O
img026-001.png,P
img026-002.png,P
img026-003.png,P
img026-004.png,P
img026-005.png,P
img026-006.png,P
img026-007.png,P
img026-008.png,P
img026-009.png,P
img026-010.png,P
img026-011.png,P
img026-012.png,P
img026-013.png,P
img026-014.png,P
img026-015.png,P
img026-016.png,P
img026-017.png,P
img026-018.png,P
img026-019.png,P
img026-020.png,P
img026-021.png,P
img026-022.png,P
img026-023.png,P
img026-024.png,P
img026-025.png,P
img026-026.png,P
img026-027.png,P
img026-028.png,P
img026-029.png,P
img026-030.png,P
img026-031.png,P
img026-032.png,P
img026-033.png,P
img026-034.png,P
img026-035.png,P
img026-036.png,P
img026-037.png,P
img026-038.png,P
img026-039.png,P
img026-040.png,P
img026-041.png,P
img026-042.png,P
img026-043.png,P
img026-044.png,P
img026-045.png,P
img026-046.png,P
img026-047.png,P
img026-048.png,P
img026-049.png,P
img026-050.png,P
img026-051.png,P
img026-052.png,P
img026-053.png,P
img026-054.png,P
img026-055.png,P
img027-001.png,Q
img027-002.png,Q
img027-003.png,Q
img027-004.png,Q
img027-005.png,Q
img027-006.png,Q
img027-007.png,Q
img027-008.png,Q
img027-009.png,Q
img027-010.png,Q
img027-011.png,Q
img027-012.png,Q
img027-013.png,Q
img027-014.png,Q
img027-015.png,Q
img027-016.png,Q
img027-017.png,Q
img027-018.png,Q
img027-019.png,Q
img027-020.png,Q
img027-021.png,Q
img027-022.png,Q
img027-023.png,Q
img027-024.png,Q
img027-025.png,Q
img027-026.png,Q
img027-027.png,Q
img027-028.png,Q
img027-029.png,Q
img027-030.png,Q
img027-031.png,Q
img027-032.png,Q
img027-033.png,Q
img027-034.png,Q
img027-035.png,Q
img027-036.png,Q
img027-037.png,Q
img027-038.png,Q
img027-039.png,Q
img027-040.png,Q
img027-041.png,Q
img027-042.png,Q
img027-043.png,Q
img027-044.png,Q
img027-045.png,Q
img027-046.png,Q
img027-047.png,Q
img027-048.png,Q
img027-049.png,Q
img027-050.png,Q
img027-051.png,Q
img027-052.png,Q
img027-053.png,Q
img027-054.png,Q
img027-055.png,Q
img028-001.png,R
img028-002.png,R
img028-003.png,R
img028-004.png,R
img028-005.png,R
img028-006.png,R
img028-007.png,R
img028-008.png,R
img028-009.png,R
img028-010.png,R
img028-011.png,R
img028-012.png,R
img028-013.png,R
img028-014.png,R
img028-015.png,R
img028-016.png,R
img028-017.png,R
img028-018.png,R
img028-019.png,R
img028-020.png,R
img028-021.png,R
img028-022.png,R
img028-023.png,R
img028-024.png,R
img028-025.png,R
img028-026.png,R
img028-027.png,R
img028-028.png,R
img028-029.png,R
img028-030.png,R
img028-031.png,R
img028-032.png,R
img028-033.png,R
img028-034.png,R
img028-035.png,R
img028-036.png,R
img028-037.png,R
img028-038.png,R
img028-039.png,R
img028-040.png,R
img028-041.png,R
img028-042.png,R
img028-043.png,R
img028-044.png,R
img028-045.png,R
img028-046.png,R
img028-047.png,R
img028-048.png,R
img028-049.png,R
img028-050.png,R
img028-051.png,R
img028-052.png,R
img028-053.png,R
img028-054.png,R
img028-055.png,R
img029-001.png,S
img029-002.png,S
img029-003.png,S
img029-004.png,S
img029-005.png,S
img029-006.png,S
img029-007.png,S
img029-008.png,S
img029-009.png,S
img029-010.png,S
img029-011.png,S
img029-012.png,S
img029-013.png,S
img029-014.png,S
img029-015.png,S
img029-016.png,S
img029-017.png,S
img029-018.png,S
img029-019.png,S
img029-020.png,S
img029-021.png,S
img029-022.png,S
img029-023.png,S
img029-024.png,S
img029-025.png,S
img029-026.png,S
img029-027.png,S
img029-028.png,S
img029-029.png,S
img029-030.png,S
img029-031.png,S
img029-032.png,S
img029-033.png,S
img029-034.png,S
img029-035.png,S
img029-036.png,S
img029-037.png,S
img029-038.png,S
img029-039.png,S
img029-040.png,S
img029-041.png,S
img029-042.png,S
img029-043.png,S
img029-044.png,S
img029-045.png,S
img029-046.png,S
img029-047.png,S
img029-048.png,S
img029-049.png,S
img029-050.png,S
img029-051.png,S
img029-052.png,S
img029-053.png,S
img029-054.png,S
img029-055.png,S
img030-001.png,T
img030-002.png,T
img030-003.png,T
img030-004.png,T
img030-005.png,T
img030-006.png,T
img030-007.png,T
img030-008.png,T
img030-009.png,T
img030-010.png,T
img030-011.png,T
img030-012.png,T
img030-013.png,T
img030-014.png,T
img030-015.png,T
img030-016.png,T
img030-017.png,T
img030-018.png,T
img030-019.png,T
img030-020.png,T
img030-021.png,T
img030-022.png,T
img030-023.png,T
img030-024.png,T
img030-025.png,T
img030-026.png,T
img030-027.png,T
img030-028.png,T
img030-029.png,T
img030-030.png,T
img030-031.png,T
img030-032.png,T
img030-033.png,T
img030-034.png,T
img030-035.png,T
img030-036.png,T
img030-037.png,T
img030-038.png,T
img030-039.png,T
img030-040.png,T
img030-041.png,T
img030-042.png,T
img030-043.png,T
img030-044.png,T
img030-045.png,T
img030-046.png,T
img030-047.png,T
img030-048.png,T
img030-049.png,T
img030-050.png,T
img030-051.png,T
img030-052.png,T
img030-053.png,T
img030-054.png,T
img030-055.png,T
img031-001.png,U
img031-002.png,U
img031-003.png,U
img031-004.png,U
img031-005.png,U
img031-006.png,U
img031-007.png,U
img031-008.png,U
img031-009.png,U
img031-010.png,U
img031-011.png,U
img031-012.png,U
img031-013.png,U
img031-014.png,U
img031-015.png,U
img031-016.png,U
img031-017.png,U
img031-018.png,U
img031-019.png,U
img031-020.png,U
img031-021.png,U
img031-022.png,U
img031-023.png,U
img031-024.png,U
img031-025.png,U
img031-026.png,U
img031-027.png,U
img031-028.png,U
img031-029.png,U
img031-030.png,U
img031-031.png,U
img031-032.png,U
img031-033.png,U
img031-034.png,U
img031-035.png,U
img031-036.png,U
img031-037.png,U
img031-038.png,U
img031-039.png,U
img031-040.png,U
img031-041.png,U
img031-042.png,U
img031-043.png,U
img031-044.png,U
img031-045.png,U
img031-046.png,U
img031-047.png,U
img031-048.png,U
img031-049.png,U
img031-050.png,U
img031-051.png,U
img031-052.png,U
img031-053.png,U
img031-054.png,U
img031-055.png,U
img032-001.png,V
img032-002.png,V
img032-003.png,V
img032-004.png,V
img032-005.png,V
img032-006.png,V
img032-007.png,V
img032-008.png,V
img032-009.png,V
img032-010.png,V
img032-011.png,V
img032-012.png,V
img032-013.png,V
img032-014.png,V
img032-015.png,V
img032-016.png,V
img032-017.png,V
img032-018.png,V
img032-019.png,V
img032-020.png,V
img032-021.png,V
img032-022.png,V
img032-023.png,V
img032-024.png,V
img032-025.png,V
img032-026.png,V
img032-027.png,V
img032-028.png,V
img032-029.png,V
img032-030.png,V
img032-031.png,V
img032-032.png,V
img032-033.png,V
img032-034.png,V
img032-035.png,V
img032-036.png,V
img032-037.png,V
img032-038.png,V
img032-039.png,V
img032-040.png,V
img032-041.png,V
img032-042.png,V
img032-043.png,V
img032-044.png,V
img032-045.png,V
img032-046.png,V
img032-047.png,V
img032-048.png,V
img032-049.png,V
img032-050.png,V
img032-051.png,V
img032-052.png,V
img032-053.png,V
img032-054.png,V
img032-055.png,V
img033-001.png,W
img033-002.png,W
img033-003.png,W
img033-004.png,W
img033-005.png,W
img033-006.png,W
img033-007.png,W
img033-008.png,W
img033-009.png,W
img033-010.png,W
img033-011.png,W
img033-012.png,W
img033-013.png,W
img033-014.png,W
img033-015.png,W
img033-016.png,W
img033-017.png,W
img033-018.png,W
img033-019.png,W
img033-020.png,W
img033-021.png,W
img033-022.png,W
img033-023.png,W
img033-024.png,W
img033-025.png,W
img033-026.png,W
img033-027.png,W
img033-028.png,W
img033-029.png,W
img033-030.png,W
img033-031.png,W
img033-032.png,W
img033-033.png,W
img033-034.png,W
img033-035.png,W
img033-036.png,W
img033-037.png,W
img033-038.png,W
img033-039.png,W
img033-040.png,W
img033-041.png,W
img033-042.png,W
img033-043.png,W
img033-044.png,W
img033-045.png,W
img033-046.png,W
img033-047.png,W
img033-048.png,W
img033-049.png,W
img033-050.png,W
img033-051.png,W
img033-052.png,W
img033-053.png,W
img033-054.png,W
img033-055.png,W
img034-001.png,X
img034-002.png,X
img034-003.png,X
img034-004.png,X
img034-005.png,X
img034-006.png,X
img034-007.png,X
img034-008.png,X
img034-009.png,X
img034-010.png,X
img034-011.png,X
img034-012.png,X
img034-013.png,X
img034-014.png,X
img034-015.png,X
img034-016.png,X
img034-017.png,X
img034-018.png,X
img034-019.png,X
img034-020.png,X
img034-021.png,X
img034-022.png,X
img034-023.png,X
img034-024.png,X
img034-025.png,X
img034-026.png,X
img034-027.png,X
img034-028.png,X
img034-029.png,X
img034-030.png,X
img034-031.png,X
img034-032.png,X
img034-033.png,X
img034-034.png,X
img034-035.png,X
img034-036.png,X
img034-037.png,X
img034-038.png,X
img034-039.png,X
img034-040.png,X
img034-041.png,X
img034-042.png,X
img034-043.png,X
img034-044.png,X
img034-045.png,X
img034-046.png,X
img034-047.png,X
img034-048.png,X
img034-049.png,X
img034-050.png,X
img034-051.png,X
img034-052.png,X
img034-053.png,X
img034-054.png,X
img034-055.png,X
img035-001.png,Y
img035-002.png,Y
img035-003.png,Y
img035-004.png,Y
img035-005.png,Y
img035-006.png,Y
img035-007.png,Y
img035-008.png,Y
img035-009.png,Y
img035-010.png,Y
img035-011.png,Y
img035-012.png,Y
img035-013.png,Y
img035-014.png,Y
img035-015.png,Y
img035-016.png,Y
img035-017.png,Y
img035-018.png,Y
img035-019.png,Y
img035-020.png,Y
img035-021.png,Y
img035-022.png,Y
img035-023.png,Y
img035-024.png,Y
img035-025.png,Y
img035-026.png,Y
img035-027.png,Y
img035-028.png,Y
img035-029.png,Y
img035-030.png,Y
img035-031.png,Y
img035-032.png,Y
img035-033.png,Y
img035-034.png,Y
img035-035.png,Y
img035-036.png,Y
img035-037.png,Y
img035-038.png,Y
img035-039.png,Y
img035-040.png,Y
img035-041.png,Y
img035-042.png,Y
img035-043.png,Y
img035-044.png,Y
img035-045.png,Y
img035-046.png,Y
img035-047.png,Y
img035-048.png,Y
img035-049.png,Y
img035-050.png,Y
img035-051.png,Y
img035-052.png,Y
img035-053.png,Y
img035-054.png,Y
img035-055.png,Y
img036-001.png,Z
img036-002.png,Z
img036-003.png,Z
img036-004.png,Z
img036-005.png,Z
img036-006.png,Z
img036-007.png,Z
img036-008.png,Z
img036-009.png,Z
img036-010.png,Z
img036-011.png,Z
img036-012.png,Z
img036-013.png,Z
img036-014.png,Z
img036-015.png,Z
img036-016.png,Z
img036-017.png,Z
img036-018.png,Z
img036-019.png,Z
img036-020.png,Z
img036-021.png,Z
img036-022.png,Z
img036-023.png,Z
img036-024.png,Z
img036-025.png,Z
img036-026.png,Z
img036-027.png,Z
img036-028.png,Z
img036-029.png,Z
img036-030.png,Z
img036-031.png,Z
img036-032.png,Z
img036-033.png,Z
img036-034.png,Z
img036-035.png,Z
img036-036.png,Z
img036-037.png,Z
img036-038.png,Z
img036-039.png,Z
img036-040.png,Z
img036-041.png,Z
img036-042.png,Z
img036-043.png,Z
img036-044.png,Z
img036-045.png,Z
img036-046.png,Z
img036-047.png,Z
img036-048.png,Z
img036-049.png,Z
img036-050.png,Z
img036-051.png,Z
img036-052.png,Z
img036-053.png,Z
img036-054.png,Z
img036-055.png,Z
img037-001.png,a
img037-002.png,a
img037-003.png,a
img037-004.png,a
img037-005.png,a
img037-006.png,a
img037-007.png,a
img037-008.png,a
img037-009.png,a
img037-010.png,a
img037-011.png,a
img037-012.png,a
img037-013.png,a
img037-014.png,a
img037-015.png,a
img037-016.png,a
img037-017.png,a
img037-018.png,a
img037-019.png,a
img037-020.png,a
img037-021.png,a
img037-022.png,a
img037-023.png,a
img037-024.png,a
img037-025.png,a
img037-026.png,a
img037-027.png,a
img037-028.png,a
img037-029.png,a
img037-030.png,a
img037-031.png,a
img037-032.png,a
img037-033.png,a
img037-034.png,a
img037-035.png,a
img037-036.png,a
img037-037.png,a
img037-038.png,a
img037-039.png,a
img037-040.png,a
img037-041.png,a
img037-042.png,a
img037-043.png,a
img037-044.png,a
img037-045.png,a
img037-046.png,a
img037-047.png,a
img037-048.png,a
img037-049.png,a
img037-050.png,a
img037-051.png,a
img037-052.png,a
img037-053.png,a
img037-054.png,a
img037-055.png,a
img038-001.png,b
img038-002.png,b
img038-003.png,b
img038-004.png,b
img038-005.png,b
img038-006.png,b
img038-007.png,b
img038-008.png,b
img038-009.png,b
img038-010.png,b
img038-011.png,b
img038-012.png,b
img038-013.png,b
img038-014.png,b
img038-015.png,b
img038-016.png,b
img038-017.png,b
img038-018.png,b
img038-019.png,b
img038-020.png,b
img038-021.png,b
img038-022.png,b
img038-023.png,b
img038-024.png,b
img038-025.png,b
img038-026.png,b
img038-027.png,b
img038-028.png,b
img038-029.png,b
img038-030.png,b
img038-031.png,b
img038-032.png,b
img038-033.png,b
img038-034.png,b
img038-035.png,b
img038-036.png,b
img038-037.png,b
img038-038.png,b
img038-039.png,b
img038-040.png,b
img038-041.png,b
img038-042.png,b
img038-043.png,b
img038-044.png,b
img038-045.png,b
img038-046.png,b
img038-047.png,b
img038-048.png,b
img038-049.png,b
img038-050.png,b
img038-051.png,b
img038-052.png,b
img038-053.png,b
img038-054.png,b
img038-055.png,b
img039-001.png,c
img039-002.png,c
img039-003.png,c
img039-004.png,c
img039-005.png,c
img039-006.png,c
img039-007.png,c
img039-008.png,c
img039-009.png,c
img039-010.png,c
img039-011.png,c
img039-012.png,c
img039-013.png,c
img039-014.png,c
img039-015.png,c
img039-016.png,c
img039-017.png,c
img039-018.png,c
img039-019.png,c
img039-020.png,c
img039-021.png,c
img039-022.png,c
img039-023.png,c
img039-024.png,c
img039-025.png,c
img039-026.png,c
img039-027.png,c
img039-028.png,c
img039-029.png,c
img039-030.png,c
img039-031.png,c
img039-032.png,c
img039-033.png,c
img039-034.png,c
img039-035.png,c
img039-036.png,c
img039-037.png,c
img039-038.png,c
img039-039.png,c
img039-040.png,c
img039-041.png,c
img039-042.png,c
img039-043.png,c
img039-044.png,c
img039-045.png,c
img039-046.png,c
img039-047.png,c
img039-048.png,c
img039-049.png,c
img039-050.png,c
img039-051.png,c
img039-052.png,c
img039-053.png,c
img039-054.png,c
img039-055.png,c
img040-001.png,d
img040-002.png,d
img040-003.png,d
img040-004.png,d
img040-005.png,d
img040-006.png,d
img040-007.png,d
img040-008.png,d
img040-009.png,d
img040-010.png,d
img040-011.png,d
img040-012.png,d
img040-013.png,d
img040-014.png,d
img040-015.png,d
img040-016.png,d
img040-017.png,d
img040-018.png,d
img040-019.png,d
img040-020.png,d
img040-021.png,d
img040-022.png,d
img040-023.png,d
img040-024.png,d
img040-025.png,d
img040-026.png,d
img040-027.png,d
img040-028.png,d
img040-029.png,d
img040-030.png,d
img040-031.png,d
img040-032.png,d
img040-033.png,d
img040-034.png,d
img040-035.png,d
img040-036.png,d
img040-037.png,d
img040-038.png,d
img040-039.png,d
img040-040.png,d
img040-041.png,d
img040-042.png,d
img040-043.png,d
img040-044.png,d
img040-045.png,d
img040-046.png,d
img040-047.png,d
img040-048.png,d
img040-049.png,d
img040-050.png,d
img040-051.png,d
img040-052.png,d
img040-053.png,d
img040-054.png,d
img040-055.png,d
img041-001.png,e
img041-002.png,e
img041-003.png,e
img041-004.png,e
img041-005.png,e
img041-006.png,e
img041-007.png,e
img041-008.png,e
img041-009.png,e
img041-010.png,e
img041-011.png,e
img041-012.png,e
img041-013.png,e
img041-014.png,e
img041-015.png,e
img041-016.png,e
img041-017.png,e
img041-018.png,e
img041-019.png,e
img041-020.png,e
img041-021.png,e
img041-022.png,e
img041-023.png,e
img041-024.png,e
img041-025.png,e
img041-026.png,e
img041-027.png,e
img041-028.png,e
img041-029.png,e
img041-030.png,e
img041-031.png,e
img041-032.png,e
img041-033.png,e
img041-034.png,e
img041-035.png,e
img041-036.png,e
img041-037.png,e
img041-038.png,e
img041-039.png,e
img041-040.png,e
img041-041.png,e
img041-042.png,e
img041-043.png,e
img041-044.png,e
img041-045.png,e
img041-046.png,e
img041-047.png,e
img041-048.png,e
img041-049.png,e
img041-050.png,e
img041-051.png,e
img041-052.png,e
img041-053.png,e
img041-054.png,e
img041-055.png,e
img042-001.png,f
img042-002.png,f
img042-003.png,f
img042-004.png,f
img042-005.png,f
img042-006.png,f
img042-007.png,f
img042-008.png,f
img042-009.png,f
img042-010.png,f
img042-011.png,f
img042-012.png,f
img042-013.png,f
img042-014.png,f
img042-015.png,f
img042-016.png,f
img042-017.png,f
img042-018.png,f
img042-019.png,f
img042-020.png,f
img042-021.png,f
img042-022.png,f
img042-023.png,f
img042-024.png,f
img042-025.png,f
img042-026.png,f
img042-027.png,f
img042-028.png,f
img042-029.png,f
img042-030.png,f
img042-031.png,f
img042-032.png,f
img042-033.png,f
img042-034.png,f
img042-035.png,f
img042-036.png,f
img042-037.png,f
img042-038.png,f
img042-039.png,f
img042-040.png,f
img042-041.png,f
img042-042.png,f
img042-043.png,f
img042-044.png,f
img042-045.png,f
img042-046.png,f
img042-047.png,f
img042-048.png,f
img042-049.png,f
img042-050.png,f
img042-051.png,f
img042-052.png,f
img042-053.png,f
img042-054.png,f
img042-055.png,f
img043-001.png,g
img043-002.png,g
img043-003.png,g
img043-004.png,g
img043-005.png,g
img043-006.png,g
img043-007.png,g
img043-008.png,g
img043-009.png,g
img043-010.png,g
img043-011.png,g
img043-012.png,g
img043-013.png,g
img043-014.png,g
img043-015.png,g
img043-016.png,g
img043-017.png,g
img043-018.png,g
img043-019.png,g
img043-020.png,g
img043-021.png,g
img043-022.png,g
img043-023.png,g
img043-024.png,g
img043-025.png,g
img043-026.png,g
img043-027.png,g
img043-028.png,g
img043-029.png,g
img043-030.png,g
img043-031.png,g
img043-032.png,g
img043-033.png,g
img043-034.png,g
img043-035.png,g
img043-036.png,g
img043-037.png,g
img043-038.png,g
img043-039.png,g
img043-040.png,g
img043-041.png,g
img043-042.png,g
img043-043.png,g
img043-044.png,g
img043-045.png,g
img043-046.png,g
img043-047.png,g
img043-048.png,g
img043-049.png,g
img043-050.png,g
img043-051.png,g
img043-052.png,g
img043-053.png,g
img043-054.png,g
img043-055.png,g
img044-001.png,h
img044-002.png,h
img044-003.png,h
img044-004.png,h
img044-005.png,h
img044-006.png,h
img044-007.png,h
img044-008.png,h
img044-009.png,h
img044-010.png,h
img044-011.png,h
img044-012.png,h
img044-013.png,h
img044-014.png,h
img044-015.png,h
img044-016.png,h
img044-017.png,h
img044-018.png,h
img044-019.png,h
img044-020.png,h
img044-021.png,h
img044-022.png,h
img044-023.png,h
img044-024.png,h
img044-025.png,h
img044-026.png,h
img044-027.png,h
img044-028.png,h
img044-029.png,h
img044-030.png,h
img044-031.png,h
img044-032.png,h
img044-033.png,h
img044-034.png,h
img044-035.png,h
img044-036.png,h
img044-037.png,h
img044-038.png,h
img044-039.png,h
img044-040.png,h
img044-041.png,h
img044-042.png,h
img044-043.png,h
img044-044.png,h
img044-045.png,h
img044-046.png,h
img044-047.png,h
img044-048.png,h
img044-049.png,h
img044-050.png,h
img044-051.png,h
img044-052.png,h
img044-053.png,h
img044-054.png,h
img044-055.png,h
img045-001.png,i
img045-002.png,i
img045-003.png,i
img045-004.png,i
img045-005.png,i
img045-006.png,i
img045-007.png,i
img045-008.png,i
img045-009.png,i
img045-010.png,i
img045-011.png,i
img045-012.png,i
img045-013.png,i
img045-014.png,i
img045-015.png,i
img045-016.png,i
img045-017.png,i
img045-018.png,i
img045-019.png,i
img045-020.png,i
img045-021.png,i
img045-022.png,i
img045-023.png,i
img045-024.png,i
img045-025.png,i
img045-026.png,i
img045-027.png,i
img045-028.png,i
img045-029.png,i
img045-030.png,i
img045-031.png,i
img045-032.png,i
img045-033.png,i
img045-034.png,i
img045-035.png,i
img045-036.png,i
img045-037.png,i
img045-038.png,i
img045-039.png,i
img045-040.png,i
img045-041.png,i
img045-042.png,i
img045-043.png,i
img045-044.png,i
img045-045.png,i
img045-046.png,i
img045-047.png,i
img045-048.png,i
img045-049.png,i
img045-050.png,i
img045-051.png,i
img045-052.png,i
img045-053.png,i
img045-054.png,i
img045-055.png,i
img046-001.png,j
img046-002.png,j
img046-003.png,j
img046-004.png,j
img046-005.png,j
img046-006.png,j
img046-007.png,j
img046-008.png,j
img046-009.png,j
img046-010.png,j
img046-011.png,j
img046-012.png,j
img046-013.png,j
img046-014.png,j
img046-015.png,j
img046-016.png,j
img046-017.png,j
img046-018.png,j
img046-019.png,j
img046-020.png,j
img046-021.png,j
img046-022.png,j
img046-023.png,j
img046-024.png,j
img046-025.png,j
img046-026.png,j
img046-027.png,j
img046-028.png,j
img046-029.png,j
img046-030.png,j
img046-031.png,j
img046-032.png,j
img046-033.png,j
img046-034.png,j
img046-035.png,j
img046-036.png,j
img046-037.png,j
img046-038.png,j
img046-039.png,j
img046-040.png,j
img046-041.png,j
img046-042.png,j
img046-043.png,j
img046-044.png,j
img046-045.png,j
img046-046.png,j
img046-047.png,j
img046-048.png,j
img046-049.png,j
img046-050.png,j
img046-051.png,j
img046-052.png,j
img046-053.png,j
img046-054.png,j
img046-055.png,j
img047-001.png,k
img047-002.png,k
img047-003.png,k
img047-004.png,k
img047-005.png,k
img047-006.png,k
img047-007.png,k
img047-008.png,k
img047-009.png,k
img047-010.png,k
img047-011.png,k
img047-012.png,k
img047-013.png,k
img047-014.png,k
img047-015.png,k
img047-016.png,k
img047-017.png,k
img047-018.png,k
img047-019.png,k
img047-020.png,k
img047-021.png,k
img047-022.png,k
img047-023.png,k
img047-024.png,k
img047-025.png,k
img047-026.png,k
img047-027.png,k
img047-028.png,k
img047-029.png,k
img047-030.png,k
img047-031.png,k
img047-032.png,k
img047-033.png,k
img047-034.png,k
img047-035.png,k
img047-036.png,k
img047-037.png,k
img047-038.png,k
img047-039.png,k
img047-040.png,k
img047-041.png,k
img047-042.png,k
img047-043.png,k
img047-044.png,k
img047-045.png,k
img047-046.png,k
img047-047.png,k
img047-048.png,k
img047-049.png,k
img047-050.png,k
img047-051.png,k
img047-052.png,k
img047-053.png,k
img047-054.png,k
img047-055.png,k
img048-001.png,l
img048-002.png,l
img048-003.png,l
img048-004.png,l
img048-005.png,l
img048-006.png,l
img048-007.png,l
img048-008.png,l
img048-009.png,l
img048-010.png,l
img048-011.png,l
img048-012.png,l
img048-013.png,l
img048-014.png,l
img048-015.png,l
img048-016.png,l
img048-017.png,l
img048-018.png,l
img048-019.png,l
img048-020.png,l
img048-021.png,l
img048-022.png,l
img048-023.png,l
img048-024.png,l
img048-025.png,l
img048-026.png,l
img048-027.png,l
img048-028.png,l
img048-029.png,l
img048-030.png,l
img048-031.png,l
img048-032.png,l
img048-033.png,l
img048-034.png,l
img048-035.png,l
img048-036.png,l
img048-037.png,l
img048-038.png,l
img048-039.png,l
img048-040.png,l
img048-041.png,l
img048-042.png,l
img048-043.png,l
img048-044.png,l
img048-045.png,l
img048-046.png,l
img048-047.png,l
img048-048.png,l
img048-049.png,l
img048-050.png,l
img048-051.png,l
img048-052.png,l
img048-053.png,l
img048-054.png,l
img048-055.png,l
img049-001.png,m
img049-002.png,m
img049-003.png,m
img049-004.png,m
img049-005.png,m
img049-006.png,m
img049-007.png,m
img049-008.png,m
img049-009.png,m
img049-010.png,m
img049-011.png,m
img049-012.png,m
img049-013.png,m
img049-014.png,m
img049-015.png,m
img049-016.png,m
img049-017.png,m
img049-018.png,m
img049-019.png,m
img049-020.png,m
img049-021.png,m
img049-022.png,m
img049-023.png,m
img049-024.png,m
img049-025.png,m
img049-026.png,m
img049-027.png,m
img049-028.png,m
img049-029.png,m
img049-030.png,m
img049-031.png,m
img049-032.png,m
img049-033.png,m
img049-034.png,m
img049-035.png,m
img049-036.png,m
img049-037.png,m
img049-038.png,m
img049-039.png,m
img049-040.png,m
img049-041.png,m
img049-042.png,m
img049-043.png,m
img049-044.png,m
img049-045.png,m
img049-046.png,m
img049-047.png,m
img049-048.png,m
img049-049.png,m
img049-050.png,m
img049-051.png,m
img049-052.png,m
img049-053.png,m
img049-054.png,m
img049-055.png,m
img050-001.png,n
img050-002.png,n
img050-003.png,n
img050-004.png,n
img050-005.png,n
img050-006.png,n
img050-007.png,n
img050-008.png,n
img050-009.png,n
img050-010.png,n
img050-011.png,n
img050-012.png,n
img050-013.png,n
img050-014.png,n
img050-015.png,n
img050-016.png,n
img050-017.png,n
img050-018.png,n
img050-019.png,n
img050-020.png,n
img050-021.png,n
img050-022.png,n
img050-023.png,n
img050-024.png,n
img050-025.png,n
img050-026.png,n
img050-027.png,n
img050-028.png,n
img050-029.png,n
img050-030.png,n
img050-031.png,n
img050-032.png,n
img050-033.png,n
img050-034.png,n
img050-035.png,n
img050-036.png,n
img050-037.png,n
img050-038.png,n
img050-039.png,n
img050-040.png,n
img050-041.png,n
img050-042.png,n
img050-043.png,n
img050-044.png,n
img050-045.png,n
img050-046.png,n
img050-047.png,n
img050-048.png,n
img050-049.png,n
img050-050.png,n
img050-051.png,n
img050-052.png,n
img050-053.png,n
img050-054.png,n
img050-055.png,n
img051-001.png,o
img051-002.png,o
img051-003.png,o
img051-004.png,o
img051-005.png,o
img051-006.png,o
img051-007.png,o
img051-008.png,o
img051-009.png,o
img051-010.png,o
img051-011.png,o
img051-012.png,o
img051-013.png,o
img051-014.png,o
img051-015.png,o
img051-016.png,o
img051-017.png,o
img051-018.png,o
img051-019.png,o
img051-020.png,o
img051-021.png,o
img051-022.png,o
img051-023.png,o
img051-024.png,o
img051-025.png,o
img051-026.png,o
img051-027.png,o
img051-028.png,o
img051-029.png,o
img051-030.png,o
img051-031.png,o
img051-032.png,o
img051-033.png,o
img051-034.png,o
img051-035.png,o
img051-036.png,o
img051-037.png,o
img051-038.png,o
img051-039.png,o
img051-040.png,o
img051-041.png,o
img051-042.png,o
img051-043.png,o
img051-044.png,o
img051-045.png,o
img051-046.png,o
img051-047.png,o
img051-048.png,o
img051-049.png,o
img051-050.png,o
img051-051.png,o
img051-052.png,o
img051-053.png,o
img051-054.png,o
img051-055.png,o
img052-001.png,p
img052-002.png,p
img052-003.png,p
img052-004.png,p
img052-005.png,p
img052-006.png,p
img052-007.png,p
img052-008.png,p
img052-009.png,p
img052-010.png,p
img052-011.png,p
img052-012.png,p
img052-013.png,p
img052-014.png,p
img052-015.png,p
img052-016.png,p
img052-017.png,p
img052-018.png,p
img052-019.png,p
img052-020.png,p
img052-021.png,p
img052-022.png,p
img052-023.png,p
img052-024.png,p
img052-025.png,p
img052-026.png,p
img052-027.png,p
img052-028.png,p
img052-029.png,p
img052-030.png,p
img052-031.png,p
img052-032.png,p
img052-033.png,p
img052-034.png,p
img052-035.png,p
img052-036.png,p
img052-037.png,p
img052-038.png,p
img052-039.png,p
img052-040.png,p
img052-041.png,p
img052-042.png,p
img052-043.png,p
img052-044.png,p
img052-045.png,p
img052-046.png,p
img052-047.png,p
img052-048.png,p
img052-049.png,p
img052-050.png,p
img052-051.png,p
img052-052.png,p
img052-053.png,p
img052-054.png,p
img052-055.png,p
img053-001.png,q
img053-002.png,q
img053-003.png,q
img053-004.png,q
img053-005.png,q
img053-006.png,q
img053-007.png,q
img053-008.png,q
img053-009.png,q
img053-010.png,q
img053-011.png,q
img053-012.png,q
img053-013.png,q
img053-014.png,q
img053-015.png,q
img053-016.png,q
img053-017.png,q
img053-018.png,q
img053-019.png,q
img053-020.png,q
img053-021.png,q
img053-022.png,q
img053-023.png,q
img053-024.png,q
img053-025.png,q
img053-026.png,q
img053-027.png,q
img053-028.png,q
img053-029.png,q
img053-030.png,q
img053-031.png,q
img053-032.png,q
img053-033.png,q
img053-034.png,q
img053-035.png,q
img053-036.png,q
img053-037.png,q
img053-038.png,q
img053-039.png,q
img053-040.png,q
img053-041.png,q
img053-042.png,q
img053-043.png,q
img053-044.png,q
img053-045.png,q
img053-046.png,q
img053-047.png,q
img053-048.png,q
img053-049.png,q
img053-050.png,q
img053-051.png,q
img053-052.png,q
img053-053.png,q
img053-054.png,q
img053-055.png,q
img054-001.png,r
img054-002.png,r
img054-003.png,r
img054-004.png,r
img054-005.png,r
img054-006.png,r
img054-007.png,r
img054-008.png,r
img054-009.png,r
img054-010.png,r
img054-011.png,r
img054-012.png,r
img054-013.png,r
img054-014.png,r
img054-015.png,r
img054-016.png,r
img054-017.png,r
img054-018.png,r
img054-019.png,r
img054-020.png,r
img054-021.png,r
img054-022.png,r
img054-023.png,r
img054-024.png,r
img054-025.png,r
img054-026.png,r
img054-027.png,r
img054-028.png,r
img054-029.png,r
img054-030.png,r
img054-031.png,r
img054-032.png,r
img054-033.png,r
img054-034.png,r
img054-035.png,r
img054-036.png,r
img054-037.png,r
img054-038.png,r
img054-039.png,r
img054-040.png,r
img054-041.png,r
img054-042.png,r
img054-043.png,r
img054-044.png,r
img054-045.png,r
img054-046.png,r
img054-047.png,r
img054-048.png,r
img054-049.png,r
img054-050.png,r
img054-051.png,r
img054-052.png,r
img054-053.png,r
img054-054.png,r
img054-055.png,r
img055-001.png,s
img055-002.png,s
img055-003.png,s
img055-004.png,s
img055-005.png,s
img055-006.png,s
img055-007.png,s
img055-008.png,s
img055-009.png,s
img055-010.png,s
img055-011.png,s
img055-012.png,s
img055-013.png,s
img055-014.png,s
img055-015.png,s
img055-016.png,s
img055-017.png,s
img055-018.png,s
img055-019.png,s
img055-020.png,s
img055-021.png,s
img055-022.png,s
img055-023.png,s
img055-024.png,s
img055-025.png,s
img055-026.png,s
img055-027.png,s
img055-028.png,s
img055-029.png,s
img055-030.png,s
img055-031.png,s
img055-032.png,s
img055-033.png,s
img055-034.png,s
img055-035.png,s
img055-036.png,s
img055-037.png,s
img055-038.png,s
img055-039.png,s
img055-040.png,s
img055-041.png,s
img055-042.png,s
img055-043.png,s
img055-044.png,s
img055-045.png,s
img055-046.png,s
img055-047.png,s
img055-048.png,s
img055-049.png,s
img055-050.png,s
img055-051.png,s
img055-052.png,s
img055-053.png,s
img055-054.png,s
img055-055.png,s
img056-001.png,t
img056-002.png,t
img056-003.png,t
img056-004.png,t
img056-005.png,t
img056-006.png,t
img056-007.png,t
img056-008.png,t
img056-009.png,t
img056-010.png,t
img056-011.png,t
img056-012.png,t
img056-013.png,t
img056-014.png,t
img056-015.png,t
img056-016.png,t
img056-017.png,t
img056-018.png,t
img056-019.png,t
img056-020.png,t
img056-021.png,t
img056-022.png,t
img056-023.png,t
img056-024.png,t
img056-025.png,t
img056-026.png,t
img056-027.png,t
img056-028.png,t
img056-029.png,t
img056-030.png,t
img056-031.png,t
img056-032.png,t
img056-033.png,t
img056-034.png,t
img056-035.png,t
img056-036.png,t
img056-037.png,t
img056-038.png,t
img056-039.png,t
img056-040.png,t
img056-041.png,t
img056-042.png,t
img056-043.png,t
img056-044.png,t
img056-045.png,t
img056-046.png,t
img056-047.png,t
img056-048.png,t
img056-049.png,t
img056-050.png,t
img056-051.png,t
img056-052.png,t
img056-053.png,t
img056-054.png,t
img056-055.png,t
img057-001.png,u
img057-002.png,u
img057-003.png,u
img057-004.png,u
img057-005.png,u
img057-006.png,u
img057-007.png,u
img057-008.png,u
img057-009.png,u
img057-010.png,u
img057-011.png,u
img057-012.png,u
img057-013.png,u
img057-014.png,u
img057-015.png,u
img057-016.png,u
img057-017.png,u
img057-018.png,u
img057-019.png,u
img057-020.png,u
img057-021.png,u
img057-022.png,u
img057-023.png,u
img057-024.png,u
img057-025.png,u
img057-026.png,u
img057-027.png,u
img057-028.png,u
img057-029.png,u
img057-030.png,u
img057-031.png,u
img057-032.png,u
img057-033.png,u
img057-034.png,u
img057-035.png,u
img057-036.png,u
img057-037.png,u
img057-038.png,u
img057-039.png,u
img057-040.png,u
img057-041.png,u
img057-042.png,u
img057-043.png,u
img057-044.png,u
img057-045.png,u
img057-046.png,u
img057-047.png,u
img057-048.png,u
img057-049.png,u
img057-050.png,u
img057-051.png,u
img057-052.png,u
img057-053.png,u
img057-054.png,u
img057-055.png,u
img058-001.png,v
img058-002.png,v
img058-003.png,v
img058-004.png,v
img058-005.png,v
img058-006.png,v
img058-007.png,v
img058-008.png,v
img058-009.png,v
img058-010.png,v
img058-011.png,v
img058-012.png,v
img058-013.png,v
img058-014.png,v
img058-015.png,v
img058-016.png,v
img058-017.png,v
img058-018.png,v
img058-019.png,v
img058-020.png,v
img058-021.png,v
img058-022.png,v
img058-023.png,v
img058-024.png,v
img058-025.png,v
img058-026.png,v
img058-027.png,v
img058-028.png,v
img058-029.png,v
img058-030.png,v
img058-031.png,v
img058-032.png,v
img058-033.png,v
img058-034.png,v
img058-035.png,v
img058-036.png,v
img058-037.png,v
img058-038.png,v
img058-039.png,v
img058-040.png,v
img058-041.png,v
img058-042.png,v
img058-043.png,v
img058-044.png,v
img058-045.png,v
img058-046.png,v
img058-047.png,v
img058-048.png,v
img058-049.png,v
img058-050.png,v
img058-051.png,v
img058-052.png,v
img058-053.png,v
img058-054.png,v
img058-055.png,v
img059-001.png,w
img059-002.png,w
img059-003.png,w
img059-004.png,w
img059-005.png,w
img059-006.png,w
img059-007.png,w
img059-008.png,w
img059-009.png,w
img059-010.png,w
img059-011.png,w
img059-012.png,w
img059-013.png,w
img059-014.png,w
img059-015.png,w
img059-016.png,w
img059-017.png,w
img059-018.png,w
img059-019.png,w
img059-020.png,w
img059-021.png,w
img059-022.png,w
img059-023.png,w
img059-024.png,w
img059-025.png,w
img059-026.png,w
img059-027.png,w
img059-028.png,w
img059-029.png,w
img059-030.png,w
img059-031.png,w
img059-032.png,w
img059-033.png,w
img059-034.png,w
img059-035.png,w
img059-036.png,w
img059-037.png,w
img059-038.png,w
img059-039.png,w
img059-040.png,w
img059-041.png,w
img059-042.png,w
img059-043.png,w
img059-044.png,w
img059-045.png,w
img059-046.png,w
img059-047.png,w
img059-048.png,w
img059-049.png,w
img059-050.png,w
img059-051.png,w
img059-052.png,w
img059-053.png,w
img059-054.png,w
img059-055.png,w
img060-001.png,x
img060-002.png,x
img060-003.png,x
img060-004.png,x
img060-005.png,x
img060-006.png,x
img060-007.png,x
img060-008.png,x
img060-009.png,x
img060-010.png,x
img060-011.png,x
img060-012.png,x
img060-013.png,x
img060-014.png,x
img060-015.png,x
img060-016.png,x
img060-017.png,x
img060-018.png,x
img060-019.png,x
img060-020.png,x
img060-021.png,x
img060-022.png,x
img060-023.png,x
img060-024.png,x
img060-025.png,x
img060-026.png,x
img060-027.png,x
img060-028.png,x
img060-029.png,x
img060-030.png,x
img060-031.png,x
img060-032.png,x
img060-033.png,x
img060-034.png,x
img060-035.png,x
img060-036.png,x
img060-037.png,x
img060-038.png,x
img060-039.png,x
img060-040.png,x
img060-041.png,x
img060-042.png,x
img060-043.png,x
img060-044.png,x
img060-045.png,x
img060-046.png,x
img060-047.png,x
img060-048.png,x
img060-049.png,x
img060-050.png,x
img060-051.png,x
img060-052.png,x
img060-053.png,x
img060-054.png,x
img060-055.png,x
img061-001.png,y
img061-002.png,y
img061-003.png,y
img061-004.png,y
img061-005.png,y
img061-006.png,y
img061-007.png,y
img061-008.png,y
img061-009.png,y
img061-010.png,y
img061-011.png,y
img061-012.png,y
img061-013.png,y
img061-014.png,y
img061-015.png,y
img061-016.png,y
img061-017.png,y
img061-018.png,y
img061-019.png,y
img061-020.png,y
img061-021.png,y
img061-022.png,y
img061-023.png,y
img061-024.png,y
img061-025.png,y
img061-026.png,y
img061-027.png,y
img061-028.png,y
img061-029.png,y
img061-030.png,y
img061-031.png,y
img061-032.png,y
img061-033.png,y
img061-034.png,y
img061-035.png,y
img061-036.png,y
img061-037.png,y
img061-038.png,y
img061-039.png,y
img061-040.png,y
img061-041.png,y
img061-042.png,y
img061-043.png,y
img061-044.png,y
img061-045.png,y
img061-046.png,y
img061-047.png,y
img061-048.png,y
img061-049.png,y
img061-050.png,y
img061-051.png,y
img061-052.png,y
img061-053.png,y
img061-054.png,y
img061-055.png,y
img062-001.png,z
img062-002.png,z
img062-003.png,z
img062-004.png,z
img062-005.png,z
img062-006.png,z
img062-007.png,z
img062-008.png,z
img062-009.png,z
img062-010.png,z
img062-011.png,z
img062-012.png,z
img062-013.png,z
img062-014.png,z
img062-015.png,z
img062-016.png,z
img062-017.png,z
img062-018.png,z
img062-019.png,z
img062-020.png,z
img062-021.png,z
img062-022.png,z
img062-023.png,z
img062-024.png,z
img062-025.png,z
img062-026.png,z
img062-027.png,z
img062-028.png,z
img062-029.png,z
img062-030.png,z
img062-031.png,z
img062-032.png,z
img062-033.png,z
img062-034.png,z
img062-035.png,z
img062-036.png,z
img062-037.png,z
img062-038.png,z
img062-039.png,z
img062-040.png,z
img062-041.png,z
img062-042.png,z
img062-043.png,z
img062-044.png,z
img062-045.png,z
img062-046.png,z
img062-047.png,z
img062-048.png,z
img062-049.png,z
img062-050.png,z
img062-051.png,z
img062-052.png,z
img062-053.png,z
img062-054.png,z
img062-055.png,z
